﻿<?xml version="1.0" encoding="utf-8"?>
<abapGit version="v1.0.0" serializer="LCL_OBJECT_FUGR" serializer_version="v1.0.0">
 <asx:abap xmlns:asx="http://www.sap.com/abapxml" version="1.0">
  <asx:values>
   <AREAT>abapGit - Parallel Processing</AREAT>
   <INCLUDES>
    <SOBJ_NAME>LZABAPGIT_PARALLELTOP</SOBJ_NAME>
    <SOBJ_NAME>SAPLZABAPGIT_PARALLEL</SOBJ_NAME>
   </INCLUDES>
   <FUNCTIONS>
    <item>
     <FUNCNAME>Z_ABAPGIT_SERIALIZE_PACKAGE</FUNCNAME>
     <REMOTE_CALL>R</REMOTE_CALL>
     <SHORT_TEXT>abapGit - Serialize Package to ZIP</SHORT_TEXT>
     <IMPORT>
      <RSIMP>
       <PARAMETER>IV_PACKAGE</PARAMETER>
       <TYP>DEVCLASS</TYP>
      </RSIMP>
      <RSIMP>
       <PARAMETER>IV_FOLDER_LOGIC</PARAMETER>
       <DEFAULT>&apos;PREFIX&apos;</DEFAULT>
       <OPTIONAL>X</OPTIONAL>
       <TYP>STRING</TYP>
      </RSIMP>
      <RSIMP>
       <PARAMETER>IV_MAIN_LANG_ONLY</PARAMETER>
       <DEFAULT>&apos;&apos;</DEFAULT>
       <OPTIONAL>X</OPTIONAL>
       <TYP>FLAG</TYP>
      </RSIMP>
      <RSIMP>
       <PARAMETER>IV_SHOW_LOG</PARAMETER>
       <DEFAULT>&apos;&apos;</DEFAULT>
       <OPTIONAL>X</OPTIONAL>
       <TYP>FLAG</TYP>
      </RSIMP>
     </IMPORT>
     <EXPORT>
      <RSEXP>
       <PARAMETER>EV_XSTRING</PARAMETER>
       <TYP>XSTRING</TYP>
      </RSEXP>
     </EXPORT>
     <EXCEPTION>
      <RSEXC>
       <EXCEPTION>ERROR</EXCEPTION>
      </RSEXC>
     </EXCEPTION>
     <DOCUMENTATION>
      <RSFDO>
       <PARAMETER>IV_PACKAGE</PARAMETER>
       <KIND>P</KIND>
       <STEXT>Package</STEXT>
      </RSFDO>
      <RSFDO>
       <PARAMETER>IV_FOLDER_LOGIC</PARAMETER>
       <KIND>P</KIND>
       <STEXT>Folder logic</STEXT>
      </RSFDO>
      <RSFDO>
       <PARAMETER>IV_MAIN_LANG_ONLY</PARAMETER>
       <KIND>P</KIND>
       <STEXT>Serialize main language only</STEXT>
      </RSFDO>
      <RSFDO>
       <PARAMETER>IV_SHOW_LOG</PARAMETER>
       <KIND>P</KIND>
       <STEXT>Display log</STEXT>
      </RSFDO>
      <RSFDO>
       <PARAMETER>EV_XSTRING</PARAMETER>
       <KIND>P</KIND>
       <STEXT>ZIP data</STEXT>
      </RSFDO>
      <RSFDO>
       <PARAMETER>ERROR</PARAMETER>
       <KIND>X</KIND>
      </RSFDO>
     </DOCUMENTATION>
    </item>
    <item>
     <FUNCNAME>Z_ABAPGIT_SERIALIZE_PARALLEL</FUNCNAME>
     <REMOTE_CALL>R</REMOTE_CALL>
     <SHORT_TEXT>abapGit - Serialize Object</SHORT_TEXT>
     <IMPORT>
      <RSIMP>
       <PARAMETER>IV_OBJ_TYPE</PARAMETER>
       <TYP>TADIR-OBJECT</TYP>
      </RSIMP>
      <RSIMP>
       <PARAMETER>IV_OBJ_NAME</PARAMETER>
       <TYP>TADIR-OBJ_NAME</TYP>
      </RSIMP>
      <RSIMP>
       <PARAMETER>IV_DEVCLASS</PARAMETER>
       <TYP>TADIR-DEVCLASS</TYP>
      </RSIMP>
      <RSIMP>
       <PARAMETER>IV_SRCSYSTEM</PARAMETER>
       <TYP>TADIR-SRCSYSTEM</TYP>
      </RSIMP>
      <RSIMP>
       <PARAMETER>IV_ABAP_LANGUAGE_VERS</PARAMETER>
       <TYP>UCCHECK</TYP>
      </RSIMP>
      <RSIMP>
       <PARAMETER>IV_LANGUAGE</PARAMETER>
       <TYP>SY-LANGU</TYP>
      </RSIMP>
      <RSIMP>
       <PARAMETER>IV_PATH</PARAMETER>
       <TYP>STRING</TYP>
      </RSIMP>
      <RSIMP>
       <PARAMETER>IV_MAIN_LANGUAGE_ONLY</PARAMETER>
       <TYP>CHAR1</TYP>
      </RSIMP>
      <RSIMP>
       <PARAMETER>IT_TRANSLATION_LANGS</PARAMETER>
       <TYP>TFPLAISO</TYP>
      </RSIMP>
      <RSIMP>
       <PARAMETER>IV_USE_LXE</PARAMETER>
       <TYP>CHAR1</TYP>
      </RSIMP>
     </IMPORT>
     <EXPORT>
      <RSEXP>
       <PARAMETER>EV_RESULT</PARAMETER>
       <TYP>XSTRING</TYP>
      </RSEXP>
      <RSEXP>
       <PARAMETER>EV_PATH</PARAMETER>
       <TYP>STRING</TYP>
      </RSEXP>
     </EXPORT>
     <EXCEPTION>
      <RSEXC>
       <EXCEPTION>ERROR</EXCEPTION>
      </RSEXC>
     </EXCEPTION>
     <DOCUMENTATION>
      <RSFDO>
       <PARAMETER>IV_OBJ_TYPE</PARAMETER>
       <KIND>P</KIND>
       <STEXT>Object Type</STEXT>
      </RSFDO>
      <RSFDO>
       <PARAMETER>IV_OBJ_NAME</PARAMETER>
       <KIND>P</KIND>
       <STEXT>Object Name in Object Directory</STEXT>
      </RSFDO>
      <RSFDO>
       <PARAMETER>IV_DEVCLASS</PARAMETER>
       <KIND>P</KIND>
       <STEXT>Package</STEXT>
      </RSFDO>
      <RSFDO>
       <PARAMETER>IV_SRCSYSTEM</PARAMETER>
       <KIND>P</KIND>
       <STEXT>Original System of Object</STEXT>
      </RSFDO>
      <RSFDO>
       <PARAMETER>IV_ABAP_LANGUAGE_VERS</PARAMETER>
       <KIND>P</KIND>
       <STEXT>ABAP Language Version</STEXT>
      </RSFDO>
      <RSFDO>
       <PARAMETER>IV_LANGUAGE</PARAMETER>
       <KIND>P</KIND>
       <STEXT>ABAP System Field: Language Key of Text Environment</STEXT>
      </RSFDO>
      <RSFDO>
       <PARAMETER>IV_PATH</PARAMETER>
       <KIND>P</KIND>
       <STEXT>Path</STEXT>
      </RSFDO>
      <RSFDO>
       <PARAMETER>IV_MAIN_LANGUAGE_ONLY</PARAMETER>
       <KIND>P</KIND>
       <STEXT>Single-Character Indicator</STEXT>
      </RSFDO>
      <RSFDO>
       <PARAMETER>IT_TRANSLATION_LANGS</PARAMETER>
       <KIND>P</KIND>
       <STEXT>Language Table in ISO Format</STEXT>
      </RSFDO>
      <RSFDO>
       <PARAMETER>IV_USE_LXE</PARAMETER>
       <KIND>P</KIND>
       <STEXT>Single-Character Flag</STEXT>
      </RSFDO>
      <RSFDO>
       <PARAMETER>EV_RESULT</PARAMETER>
       <KIND>P</KIND>
      </RSFDO>
      <RSFDO>
       <PARAMETER>EV_PATH</PARAMETER>
       <KIND>P</KIND>
      </RSFDO>
      <RSFDO>
       <PARAMETER>ERROR</PARAMETER>
       <KIND>X</KIND>
      </RSFDO>
     </DOCUMENTATION>
    </item>
   </FUNCTIONS>
  </asx:values>
 </asx:abap>
</abapGit>
