﻿<?xml version="1.0" encoding="utf-8"?>
<abapGit version="v1.0.0" serializer="LCL_OBJECT_INTF" serializer_version="v1.0.0">
 <asx:abap xmlns:asx="http://www.sap.com/abapxml" version="1.0">
  <asx:values>
   <VSEOINTERF>
    <CLSNAME>ZIF_ABAPGIT_AFF_OO_TYPES_V1</CLSNAME>
    <LANGU>E</LANGU>
    <DESCRIPT>abapGit - Common Types for AFF Classes and Interfaces</DESCRIPT>
    <EXPOSURE>2</EXPOSURE>
    <STATE>1</STATE>
    <UNICODE>X</UNICODE>
   </VSEOINTERF>
  </asx:values>
 </asx:abap>
</abapGit>
