﻿<?xml version="1.0" encoding="utf-8"?>
<abapGit version="v1.0.0" serializer="LCL_OBJECT_TABL" serializer_version="v1.0.0">
 <asx:abap xmlns:asx="http://www.sap.com/abapxml" version="1.0">
  <asx:values>
   <DD02V>
    <TABNAME>DD17V</TABNAME>
    <DDLANGUAGE>E</DDLANGUAGE>
    <TABCLASS>INTTAB</TABCLASS>
    <DDTEXT>DD17V</DDTEXT>
    <EXCLASS>1</EXCLASS>
   </DD02V>
   <DD03P_TABLE>
    <DD03P>
     <FIELDNAME>DDLANGUAGE</FIELDNAME>
     <ADMINFIELD>0</ADMINFIELD>
     <INTTYPE>C</INTTYPE>
     <INTLEN>000002</INTLEN>
     <DATATYPE>LANG</DATATYPE>
     <LENG>000001</LENG>
     <MASK>  LANG</MASK>
     <LANGUFLAG>X</LANGUFLAG>
    </DD03P>
    <DD03P>
     <FIELDNAME>SQLTAB</FIELDNAME>
     <ADMINFIELD>0</ADMINFIELD>
     <INTTYPE>C</INTTYPE>
     <INTLEN>000060</INTLEN>
     <DATATYPE>CHAR</DATATYPE>
     <LENG>000030</LENG>
     <MASK>  CHAR</MASK>
    </DD03P>
    <DD03P>
     <FIELDNAME>INDEXNAME</FIELDNAME>
     <ADMINFIELD>0</ADMINFIELD>
     <INTTYPE>C</INTTYPE>
     <INTLEN>000006</INTLEN>
     <DATATYPE>CHAR</DATATYPE>
     <LENG>000003</LENG>
     <MASK>  CHAR</MASK>
    </DD03P>
    <DD03P>
     <FIELDNAME>POSITION</FIELDNAME>
     <ADMINFIELD>0</ADMINFIELD>
     <INTTYPE>N</INTTYPE>
     <INTLEN>000008</INTLEN>
     <DATATYPE>NUMC</DATATYPE>
     <LENG>000004</LENG>
     <MASK>  NUMC</MASK>
    </DD03P>
    <DD03P>
     <FIELDNAME>AS4LOCAL</FIELDNAME>
     <ADMINFIELD>0</ADMINFIELD>
     <INTTYPE>C</INTTYPE>
     <INTLEN>000002</INTLEN>
     <DATATYPE>CHAR</DATATYPE>
     <LENG>000001</LENG>
     <MASK>  CHAR</MASK>
    </DD03P>
    <DD03P>
     <FIELDNAME>AS4VERS</FIELDNAME>
     <ADMINFIELD>0</ADMINFIELD>
     <INTTYPE>N</INTTYPE>
     <INTLEN>000008</INTLEN>
     <DATATYPE>NUMC</DATATYPE>
     <LENG>000004</LENG>
     <MASK>  NUMC</MASK>
    </DD03P>
    <DD03P>
     <FIELDNAME>FIELDNAME</FIELDNAME>
     <ADMINFIELD>0</ADMINFIELD>
     <INTTYPE>C</INTTYPE>
     <INTLEN>000060</INTLEN>
     <DATATYPE>CHAR</DATATYPE>
     <LENG>000030</LENG>
     <MASK>  CHAR</MASK>
    </DD03P>
    <DD03P>
     <FIELDNAME>DESCFLAG</FIELDNAME>
     <ADMINFIELD>0</ADMINFIELD>
     <INTTYPE>C</INTTYPE>
     <INTLEN>000002</INTLEN>
     <DATATYPE>CHAR</DATATYPE>
     <LENG>000001</LENG>
     <MASK>  CHAR</MASK>
    </DD03P>
   </DD03P_TABLE>
  </asx:values>
 </asx:abap>
</abapGit>
