﻿<?xml version="1.0" encoding="utf-8"?>
<abapGit version="v1.0.0" serializer="LCL_OBJECT_DTEL" serializer_version="v1.0.0">
 <asx:abap xmlns:asx="http://www.sap.com/abapxml" version="1.0">
  <asx:values>
   <DD04V>
    <ROLLNAME>LXEISOLANG</ROLLNAME>
    <DDLANGUAGE>E</DDLANGUAGE>
    <HEADLEN>21</HEADLEN>
    <SCRLEN1>10</SCRLEN1>
    <SCRLEN2>15</SCRLEN2>
    <SCRLEN3>21</SCRLEN3>
    <DDTEXT>LXEISOLANG</DDTEXT>
    <REPTEXT>LXEISOLANG</REPTEXT>
    <SCRTEXT_S>LXEISOLANG</SCRTEXT_S>
    <SCRTEXT_M>LXEISOLANG</SCRTEXT_M>
    <SCRTEXT_L>LXEISOLANG</SCRTEXT_L>
    <DTELMASTER>E</DTELMASTER>
    <DATATYPE>CHAR</DATATYPE>
    <LENG>000004</LENG>
    <OUTPUTLEN>000004</OUTPUTLEN>
   </DD04V>
  </asx:values>
 </asx:abap>
</abapGit>
