﻿<?xml version="1.0" encoding="utf-8"?>
<abapGit version="v1.0.0" serializer="LCL_OBJECT_DTEL" serializer_version="v1.0.0">
 <asx:abap xmlns:asx="http://www.sap.com/abapxml" version="1.0">
  <asx:values>
   <DD04V>
    <ROLLNAME>LXEOBJNAME</ROLLNAME>
    <DDLANGUAGE>E</DDLANGUAGE>
    <HEADLEN>55</HEADLEN>
    <SCRLEN1>10</SCRLEN1>
    <SCRLEN2>18</SCRLEN2>
    <SCRLEN3>28</SCRLEN3>
    <DDTEXT>LXEOBJNAME</DDTEXT>
    <REPTEXT>LXEOBJNAME</REPTEXT>
    <SCRTEXT_S>LXEOBJNAME</SCRTEXT_S>
    <SCRTEXT_M>LXEOBJNAME</SCRTEXT_M>
    <SCRTEXT_L>LXEOBJNAME</SCRTEXT_L>
    <DTELMASTER>E</DTELMASTER>
    <DATATYPE>CHAR</DATATYPE>
    <LENG>000070</LENG>
    <OUTPUTLEN>000070</OUTPUTLEN>
   </DD04V>
  </asx:values>
 </asx:abap>
</abapGit>
