﻿<?xml version="1.0" encoding="utf-8"?>
<abapGit version="v1.0.0" serializer="LCL_OBJECT_DTEL" serializer_version="v1.0.0">
 <asx:abap xmlns:asx="http://www.sap.com/abapxml" version="1.0">
  <asx:values>
   <DD04V>
    <ROLLNAME>LXETEXTKEY</ROLLNAME>
    <DDLANGUAGE>E</DDLANGUAGE>
    <DOMNAME>LXECHAR32</DOMNAME>
    <HEADLEN>32</HEADLEN>
    <SCRLEN1>10</SCRLEN1>
    <SCRLEN2>15</SCRLEN2>
    <SCRLEN3>20</SCRLEN3>
    <DDTEXT>LXETEXTKEY</DDTEXT>
    <REPTEXT>LXETEXTKEY</REPTEXT>
    <SCRTEXT_S>LXETEXTKEY</SCRTEXT_S>
    <SCRTEXT_M>LXETEXTKEY</SCRTEXT_M>
    <SCRTEXT_L>LXETEXTKEY</SCRTEXT_L>
    <DTELMASTER>E</DTELMASTER>
    <DATATYPE>CHAR</DATATYPE>
    <LENG>000032</LENG>
    <OUTPUTLEN>000032</OUTPUTLEN>    
   </DD04V>
  </asx:values>
 </asx:abap>
</abapGit>
