﻿<?xml version="1.0" encoding="utf-8"?>
<abapGit version="v1.0.0" serializer="LCL_OBJECT_DTEL" serializer_version="v1.0.0">
 <asx:abap xmlns:asx="http://www.sap.com/abapxml" version="1.0">
  <asx:values>
   <DD04V>
    <ROLLNAME>LXETEXTTYPE</ROLLNAME>
    <DDLANGUAGE>E</DDLANGUAGE>
    <DOMNAME>LXETEXTTYPE</DOMNAME>
    <HEADLEN>09</HEADLEN>
    <SCRLEN1>10</SCRLEN1>
    <SCRLEN2>15</SCRLEN2>
    <SCRLEN3>20</SCRLEN3>
    <DDTEXT>LXETEXTTYPE</DDTEXT>
    <REPTEXT>LXETEXTTYPE</REPTEXT>
    <SCRTEXT_S>LXETEXTTYPE</SCRTEXT_S>
    <SCRTEXT_M>LXETEXTTYPE</SCRTEXT_M>
    <SCRTEXT_L>LXETEXTTYPE</SCRTEXT_L>
    <DTELMASTER>E</DTELMASTER>
    <DATATYPE>CHAR</DATATYPE>
    <LENG>000004</LENG>
    <OUTPUTLEN>000004</OUTPUTLEN>
   </DD04V>
  </asx:values>
 </asx:abap>
</abapGit>
