﻿<?xml version="1.0" encoding="utf-8"?>
<abapGit version="v1.0.0" serializer="LCL_OBJECT_DTEL" serializer_version="v1.0.0">
 <asx:abap xmlns:asx="http://www.sap.com/abapxml" version="1.0">
  <asx:values>
   <DD04V>
    <ROLLNAME>LXEUNITLIN</ROLLNAME>
    <DDLANGUAGE>E</DDLANGUAGE>
    <DOMNAME>LXEUNITLIN</DOMNAME>
    <HEADLEN>55</HEADLEN>
    <SCRLEN1>10</SCRLEN1>
    <SCRLEN2>15</SCRLEN2>
    <SCRLEN3>36</SCRLEN3>
    <DDTEXT>LXEUNITLIN</DDTEXT>
    <REPTEXT>LXEUNITLIN</REPTEXT>
    <SCRTEXT_S>LXEUNITLIN</SCRTEXT_S>
    <SCRTEXT_M>LXEUNITLIN</SCRTEXT_M>
    <SCRTEXT_L>LXEUNITLIN</SCRTEXT_L>
    <DTELMASTER>E</DTELMASTER>
    <DATATYPE>CHAR</DATATYPE>
    <LENG>000255</LENG>
    <OUTPUTLEN>000255</OUTPUTLEN>
   </DD04V>
  </asx:values>
 </asx:abap>
</abapGit>
