﻿<?xml version="1.0" encoding="utf-8"?>
<abapGit version="v1.0.0" serializer="LCL_OBJECT_TABL" serializer_version="v1.0.0">
 <asx:abap xmlns:asx="http://www.sap.com/abapxml" version="1.0">
  <asx:values>
   <DD02V>
    <TABNAME>THEAD</TABNAME>
    <DDLANGUAGE>E</DDLANGUAGE>
    <TABCLASS>INTTAB</TABCLASS>
    <DDTEXT>THEAD</DDTEXT>
    <EXCLASS>1</EXCLASS>
   </DD02V>
   <DD03P_TABLE>
    <DD03P>
     <FIELDNAME>TDOBJECT</FIELDNAME>
     <ADMINFIELD>0</ADMINFIELD>
     <INTTYPE>C</INTTYPE>
     <INTLEN>000020</INTLEN>
     <DATATYPE>CHAR</DATATYPE>
     <LENG>000010</LENG>
     <MASK>  CHAR</MASK>
    </DD03P>
    <DD03P>
     <FIELDNAME>TDNAME</FIELDNAME>
     <ADMINFIELD>0</ADMINFIELD>
     <INTTYPE>C</INTTYPE>
     <INTLEN>000140</INTLEN>
     <DATATYPE>CHAR</DATATYPE>
     <LENG>000070</LENG>
     <MASK>  CHAR</MASK>
    </DD03P>
    <DD03P>
     <FIELDNAME>TDID</FIELDNAME>
     <ADMINFIELD>0</ADMINFIELD>
     <INTTYPE>C</INTTYPE>
     <INTLEN>000008</INTLEN>
     <DATATYPE>CHAR</DATATYPE>
     <LENG>000004</LENG>
     <MASK>  CHAR</MASK>
    </DD03P>
    <DD03P>
     <FIELDNAME>TDSPRAS</FIELDNAME>
     <ADMINFIELD>0</ADMINFIELD>
     <INTTYPE>C</INTTYPE>
     <INTLEN>000002</INTLEN>
     <DATATYPE>LANG</DATATYPE>
     <LENG>000001</LENG>
     <MASK>  LANG</MASK>
    </DD03P>
    <DD03P>
     <FIELDNAME>TDTITLE</FIELDNAME>
     <ADMINFIELD>0</ADMINFIELD>
     <INTTYPE>C</INTTYPE>
     <INTLEN>000100</INTLEN>
     <DATATYPE>CHAR</DATATYPE>
     <LENG>000050</LENG>
     <MASK>  CHAR</MASK>
    </DD03P>
    <DD03P>
     <FIELDNAME>TDFORM</FIELDNAME>
     <ADMINFIELD>0</ADMINFIELD>
     <INTTYPE>C</INTTYPE>
     <INTLEN>000032</INTLEN>
     <DATATYPE>CHAR</DATATYPE>
     <LENG>000016</LENG>
     <MASK>  CHAR</MASK>
    </DD03P>
    <DD03P>
     <FIELDNAME>TDSTYLE</FIELDNAME>
     <ADMINFIELD>0</ADMINFIELD>
     <INTTYPE>C</INTTYPE>
     <INTLEN>000016</INTLEN>
     <DATATYPE>CHAR</DATATYPE>
     <LENG>000008</LENG>
     <MASK>  CHAR</MASK>
    </DD03P>
    <DD03P>
     <FIELDNAME>TDVERSION</FIELDNAME>
     <ADMINFIELD>0</ADMINFIELD>
     <INTTYPE>N</INTTYPE>
     <INTLEN>000010</INTLEN>
     <DATATYPE>NUMC</DATATYPE>
     <LENG>000005</LENG>
     <MASK>  NUMC</MASK>
    </DD03P>
    <DD03P>
     <FIELDNAME>TDFUSER</FIELDNAME>
     <ADMINFIELD>0</ADMINFIELD>
     <INTTYPE>C</INTTYPE>
     <INTLEN>000024</INTLEN>
     <DATATYPE>CHAR</DATATYPE>
     <LENG>000012</LENG>
     <MASK>  CHAR</MASK>
    </DD03P>
    <DD03P>
     <FIELDNAME>TDFRELES</FIELDNAME>
     <ADMINFIELD>0</ADMINFIELD>
     <INTTYPE>C</INTTYPE>
     <INTLEN>000008</INTLEN>
     <DATATYPE>CHAR</DATATYPE>
     <LENG>000004</LENG>
     <MASK>  CHAR</MASK>
    </DD03P>
    <DD03P>
     <FIELDNAME>TDFDATE</FIELDNAME>
     <ADMINFIELD>0</ADMINFIELD>
     <INTTYPE>D</INTTYPE>
     <INTLEN>000016</INTLEN>
     <DATATYPE>DATS</DATATYPE>
     <LENG>000008</LENG>
     <MASK>  DATS</MASK>
     <SHLPORIGIN>T</SHLPORIGIN>
    </DD03P>
    <DD03P>
     <FIELDNAME>TDFTIME</FIELDNAME>
     <ADMINFIELD>0</ADMINFIELD>
     <INTTYPE>T</INTTYPE>
     <INTLEN>000012</INTLEN>
     <DATATYPE>TIMS</DATATYPE>
     <LENG>000006</LENG>
     <MASK>  TIMS</MASK>
     <SHLPORIGIN>T</SHLPORIGIN>
    </DD03P>
    <DD03P>
     <FIELDNAME>TDLUSER</FIELDNAME>
     <ADMINFIELD>0</ADMINFIELD>
     <INTTYPE>C</INTTYPE>
     <INTLEN>000024</INTLEN>
     <DATATYPE>CHAR</DATATYPE>
     <LENG>000012</LENG>
     <MASK>  CHAR</MASK>
    </DD03P>
    <DD03P>
     <FIELDNAME>TDLRELES</FIELDNAME>
     <ADMINFIELD>0</ADMINFIELD>
     <INTTYPE>C</INTTYPE>
     <INTLEN>000008</INTLEN>
     <DATATYPE>CHAR</DATATYPE>
     <LENG>000004</LENG>
     <MASK>  CHAR</MASK>
    </DD03P>
    <DD03P>
     <FIELDNAME>TDLDATE</FIELDNAME>
     <ADMINFIELD>0</ADMINFIELD>
     <INTTYPE>D</INTTYPE>
     <INTLEN>000016</INTLEN>
     <DATATYPE>DATS</DATATYPE>
     <LENG>000008</LENG>
     <MASK>  DATS</MASK>
     <SHLPORIGIN>T</SHLPORIGIN>
    </DD03P>
    <DD03P>
     <FIELDNAME>TDLTIME</FIELDNAME>
     <ADMINFIELD>0</ADMINFIELD>
     <INTTYPE>T</INTTYPE>
     <INTLEN>000012</INTLEN>
     <DATATYPE>TIMS</DATATYPE>
     <LENG>000006</LENG>
     <MASK>  TIMS</MASK>
     <SHLPORIGIN>T</SHLPORIGIN>
    </DD03P>
    <DD03P>
     <FIELDNAME>TDLINESIZE</FIELDNAME>
     <ADMINFIELD>0</ADMINFIELD>
     <INTTYPE>N</INTTYPE>
     <INTLEN>000006</INTLEN>
     <DATATYPE>NUMC</DATATYPE>
     <LENG>000003</LENG>
     <MASK>  NUMC</MASK>
    </DD03P>
    <DD03P>
     <FIELDNAME>TDTXTLINES</FIELDNAME>
     <ADMINFIELD>0</ADMINFIELD>
     <INTTYPE>N</INTTYPE>
     <INTLEN>000010</INTLEN>
     <DATATYPE>NUMC</DATATYPE>
     <LENG>000005</LENG>
     <MASK>  NUMC</MASK>
    </DD03P>
    <DD03P>
     <FIELDNAME>TDHYPHENAT</FIELDNAME>
     <ADMINFIELD>0</ADMINFIELD>
     <INTTYPE>C</INTTYPE>
     <INTLEN>000002</INTLEN>
     <DATATYPE>CHAR</DATATYPE>
     <LENG>000001</LENG>
     <MASK>  CHAR</MASK>
    </DD03P>
    <DD03P>
     <FIELDNAME>TDOSPRAS</FIELDNAME>
     <ADMINFIELD>0</ADMINFIELD>
     <INTTYPE>C</INTTYPE>
     <INTLEN>000002</INTLEN>
     <DATATYPE>LANG</DATATYPE>
     <LENG>000001</LENG>
     <MASK>  LANG</MASK>
    </DD03P>
    <DD03P>
     <FIELDNAME>TDTRANSTAT</FIELDNAME>
     <ADMINFIELD>0</ADMINFIELD>
     <INTTYPE>N</INTTYPE>
     <INTLEN>000002</INTLEN>
     <DATATYPE>NUMC</DATATYPE>
     <LENG>000001</LENG>
     <MASK>  NUMC</MASK>
    </DD03P>
    <DD03P>
     <FIELDNAME>TDMACODE1</FIELDNAME>
     <ADMINFIELD>0</ADMINFIELD>
     <INTTYPE>C</INTTYPE>
     <INTLEN>000032</INTLEN>
     <DATATYPE>CHAR</DATATYPE>
     <LENG>000016</LENG>
     <MASK>  CHAR</MASK>
    </DD03P>
    <DD03P>
     <FIELDNAME>TDMACODE2</FIELDNAME>
     <ADMINFIELD>0</ADMINFIELD>
     <INTTYPE>C</INTTYPE>
     <INTLEN>000032</INTLEN>
     <DATATYPE>CHAR</DATATYPE>
     <LENG>000016</LENG>
     <MASK>  CHAR</MASK>
    </DD03P>
    <DD03P>
     <FIELDNAME>TDREFOBJ</FIELDNAME>
     <ADMINFIELD>0</ADMINFIELD>
     <INTTYPE>C</INTTYPE>
     <INTLEN>000020</INTLEN>
     <DATATYPE>CHAR</DATATYPE>
     <LENG>000010</LENG>
     <MASK>  CHAR</MASK>
    </DD03P>
    <DD03P>
     <FIELDNAME>TDREFNAME</FIELDNAME>
     <ADMINFIELD>0</ADMINFIELD>
     <INTTYPE>C</INTTYPE>
     <INTLEN>000140</INTLEN>
     <DATATYPE>CHAR</DATATYPE>
     <LENG>000070</LENG>
     <MASK>  CHAR</MASK>
    </DD03P>
    <DD03P>
     <FIELDNAME>TDREFID</FIELDNAME>
     <ADMINFIELD>0</ADMINFIELD>
     <INTTYPE>C</INTTYPE>
     <INTLEN>000008</INTLEN>
     <DATATYPE>CHAR</DATATYPE>
     <LENG>000004</LENG>
     <MASK>  CHAR</MASK>
    </DD03P>
    <DD03P>
     <FIELDNAME>TDTEXTTYPE</FIELDNAME>
     <ADMINFIELD>0</ADMINFIELD>
     <INTTYPE>C</INTTYPE>
     <INTLEN>000012</INTLEN>
     <DATATYPE>CHAR</DATATYPE>
     <LENG>000006</LENG>
     <MASK>  CHAR</MASK>
    </DD03P>
    <DD03P>
     <FIELDNAME>TDCOMPRESS</FIELDNAME>
     <ADMINFIELD>0</ADMINFIELD>
     <INTTYPE>C</INTTYPE>
     <INTLEN>000002</INTLEN>
     <DATATYPE>CHAR</DATATYPE>
     <LENG>000001</LENG>
     <MASK>  CHAR</MASK>
    </DD03P>
    <DD03P>
     <FIELDNAME>MANDT</FIELDNAME>
     <ADMINFIELD>0</ADMINFIELD>
     <INTTYPE>C</INTTYPE>
     <INTLEN>000006</INTLEN>
     <DATATYPE>CLNT</DATATYPE>
     <LENG>000003</LENG>
     <MASK>  CLNT</MASK>
    </DD03P>
    <DD03P>
     <FIELDNAME>TDOCLASS</FIELDNAME>
     <ADMINFIELD>0</ADMINFIELD>
     <INTTYPE>C</INTTYPE>
     <INTLEN>000008</INTLEN>
     <DATATYPE>CHAR</DATATYPE>
     <LENG>000004</LENG>
     <MASK>  CHAR</MASK>
    </DD03P>
    <DD03P>
     <FIELDNAME>LOGSYS</FIELDNAME>
     <ADMINFIELD>0</ADMINFIELD>
     <INTTYPE>C</INTTYPE>
     <INTLEN>000020</INTLEN>
     <DATATYPE>CHAR</DATATYPE>
     <LENG>000010</LENG>
     <MASK>  CHAR</MASK>
    </DD03P>
   </DD03P_TABLE>
  </asx:values>
 </asx:abap>
</abapGit>
