﻿<?xml version="1.0" encoding="utf-8"?>
<abapGit version="v1.0.0" serializer="LCL_OBJECT_TABL" serializer_version="v1.0.0">
 <asx:abap xmlns:asx="http://www.sap.com/abapxml" version="1.0">
  <asx:values>
   <DD02V>
    <TABNAME>ZABAPGIT</TABNAME>
    <DDLANGUAGE>E</DDLANGUAGE>
    <TABCLASS>TRANSP</TABCLASS>
    <DDTEXT>Generated by abapGit</DDTEXT>
    <CONTFLAG>L</CONTFLAG>
    <EXCLASS>1</EXCLASS>
   </DD02V>
   <DD09L>
    <TABNAME>ZABAPGIT</TABNAME>
    <AS4LOCAL>A</AS4LOCAL>
    <TABKAT>1</TABKAT>
    <TABART>APPL1</TABART>
    <BUFALLOW>N</BUFALLOW>
   </DD09L>
   <DD03P_TABLE>
    <DD03P>
     <FIELDNAME>TYPE</FIELDNAME>
     <KEYFLAG>X</KEYFLAG>
     <ADMINFIELD>0</ADMINFIELD>
     <INTTYPE>C</INTTYPE>
     <INTLEN>000024</INTLEN>
     <NOTNULL>X</NOTNULL>
     <DATATYPE>CHAR</DATATYPE>
     <LENG>000012</LENG>
     <MASK>  CHAR</MASK>
    </DD03P>
    <DD03P>
     <FIELDNAME>VALUE</FIELDNAME>
     <KEYFLAG>X</KEYFLAG>
     <ADMINFIELD>0</ADMINFIELD>
     <INTTYPE>C</INTTYPE>
     <INTLEN>000024</INTLEN>
     <NOTNULL>X</NOTNULL>
     <DATATYPE>CHAR</DATATYPE>
     <LENG>000012</LENG>
     <MASK>  CHAR</MASK>
    </DD03P>
    <DD03P>
     <FIELDNAME>DATA_STR</FIELDNAME>
     <ADMINFIELD>0</ADMINFIELD>
     <INTTYPE>g</INTTYPE>
     <INTLEN>000008</INTLEN>
     <DATATYPE>STRG</DATATYPE>
     <MASK>  STRG</MASK>
    </DD03P>
   </DD03P_TABLE>
  </asx:values>
 </asx:abap>
</abapGit>
